-- phpMyAdmin SQL Dump
-- version 4.9.11
-- https://www.phpmyadmin.net/
--
-- Host: localhost:3306
-- Generation Time: Mar 27, 2023 at 08:54 AM
-- Server version: 5.7.23-23
-- PHP Version: 7.4.33

SET SQL_MODE = "NO_AUTO_VALUE_ON_ZERO";
SET AUTOCOMMIT = 0;
START TRANSACTION;
SET time_zone = "+00:00";


/*!40101 SET @OLD_CHARACTER_SET_CLIENT=@@CHARACTER_SET_CLIENT */;
/*!40101 SET @OLD_CHARACTER_SET_RESULTS=@@CHARACTER_SET_RESULTS */;
/*!40101 SET @OLD_COLLATION_CONNECTION=@@COLLATION_CONNECTION */;
/*!40101 SET NAMES utf8mb4 */;

--
-- Database: `cmexpx2z_france_silwana`
--

-- --------------------------------------------------------

--
-- Table structure for table `admin`
--

CREATE TABLE `admin` (
  `id` int(11) NOT NULL,
  `first_name` varchar(255) NOT NULL,
  `last_name` varchar(255) NOT NULL,
  `email` varchar(255) NOT NULL,
  `password` varchar(255) NOT NULL,
  `token` varchar(255) NOT NULL,
  `created_at` datetime NOT NULL,
  `updated_at` datetime NOT NULL
) ENGINE=InnoDB DEFAULT CHARSET=latin1;

--
-- Dumping data for table `admin`
--

INSERT INTO `admin` (`id`, `first_name`, `last_name`, `email`, `password`, `token`, `created_at`, `updated_at`) VALUES
(1, 'shahid', 'abdul rahman', 'sahid.cmexpertise@gmail.com', '25f9e794323b453885f5181f1b624d0b', '', '2020-06-15 11:20:00', '2020-07-10 06:06:17'),
(2, 'admin', 'admin', 'admin@gmail.com', '25f9e794323b453885f5181f1b624d0b', '', '2020-06-15 07:21:10', '2020-06-15 07:21:10'),
(6, 'abc', 'xyz', 'xyz@gmail.com', '25f9e794323b453885f5181f1b624d0b', '', '2020-07-09 02:32:11', '2020-07-09 02:32:11'),
(7, 'kunal', 'chauhan', 'kunal.cmexpertise@gmail.com', 'b8a20fd3a3b7c71d711e836f5310cc09', '', '2021-12-06 05:14:41', '2021-12-08 01:32:21'),
(8, 'sample', 'sample', 'sample@gmail.com', '25d55ad283aa400af464c76d713c07ad', '', '2021-12-08 01:33:54', '2021-12-08 01:33:54');

-- --------------------------------------------------------

--
-- Table structure for table `contact_number`
--

CREATE TABLE `contact_number` (
  `id` int(11) NOT NULL,
  `customer_id` int(11) NOT NULL,
  `office_number` varchar(255) NOT NULL,
  `mobile_number` varchar(255) NOT NULL
) ENGINE=InnoDB DEFAULT CHARSET=latin1;

-- --------------------------------------------------------

--
-- Table structure for table `currency`
--

CREATE TABLE `currency` (
  `id` int(11) NOT NULL,
  `currency` varchar(255) NOT NULL
) ENGINE=InnoDB DEFAULT CHARSET=latin1;

--
-- Dumping data for table `currency`
--

INSERT INTO `currency` (`id`, `currency`) VALUES
(1, 'INR(indian Ruppies)'),
(2, 'Dollar'),
(3, 'Yen'),
(4, 'Dinner');

-- --------------------------------------------------------

--
-- Table structure for table `customer`
--

CREATE TABLE `customer` (
  `id` int(11) NOT NULL,
  `user_id` int(11) NOT NULL,
  `salutaion` varchar(255) NOT NULL,
  `first_name` varchar(255) NOT NULL,
  `last_name` varchar(255) NOT NULL,
  `company_name` varchar(255) NOT NULL,
  `customer_email` varchar(255) NOT NULL,
  `office_number` varchar(255) NOT NULL,
  `mobile_number` varchar(255) NOT NULL,
  `website` varchar(255) NOT NULL,
  `currency` varchar(255) NOT NULL,
  `textarea` varchar(1500) NOT NULL,
  `created_at` datetime NOT NULL,
  `updated_at` datetime NOT NULL
) ENGINE=InnoDB DEFAULT CHARSET=latin1;

--
-- Dumping data for table `customer`
--

INSERT INTO `customer` (`id`, `user_id`, `salutaion`, `first_name`, `last_name`, `company_name`, `customer_email`, `office_number`, `mobile_number`, `website`, `currency`, `textarea`, `created_at`, `updated_at`) VALUES
(13, 1, 'Mr', 'shahid', 'abdul rahman', 'cmexpertise', 'sahid.cmexpertise@gmail.com', '2964230032', '9950612429', 'http://www.cmexpertise.com', 'Dollar', 'hekoo its etesting', '2020-07-07 07:15:16', '2020-07-17 01:29:04'),
(14, 1, 'Mr', 'pratick', 'shah', 'infotech', 'hello.cmexpertise@gmail.com', '2964230032', '9950612429', 'http://www.cmexpertise.com', 'Dollar', 'asdasd', '2020-07-07 07:16:58', '2020-07-08 10:15:02'),
(15, 1, 'Mr', 'john', 'jun', 'cmexpertise infotech', 'cmexpertise@gmail.com', '0245154715', '9698588455', 'http://google.com', 'Yen', 'testing', '2020-07-08 12:35:02', '2020-07-08 12:35:02'),
(16, 1, 'Mr', 'Bart', 'Reay', 'cmexpertise Infotech', 'cmexpertise@gmail.com', '0245153452', '8544527621', 'http://google.com', 'Dollar', 'fweew', '2020-07-08 03:30:22', '2020-07-08 03:30:22'),
(17, 6, 'Mr', 'bran', 'lara', 'cmexpertise', 'lara@gmail.com', '1234567890', '1234569870', 'http://cmexpertiseinfotech.com', 'Dollar', 'asdfasdf', '2020-07-09 02:36:34', '2020-07-09 02:36:34'),
(18, 7, 'Mrs', 'Jarrod', 'Pierce', 'Porter and Nichols LLC', 'gucufizy@mailinator.com', '9876543215', '9876543215', 'https://www.wajyqoniqe.org', 'INR(indian Ruppies)', 'Occaecat consequatur', '2021-12-07 06:02:10', '2021-12-07 06:02:10'),
(19, 8, 'Miss', 'Ivor3', 'Weaver', 'Mullen and Turner Associatess', 'sinawesul@mailinator.com', '9876543215', '9876543215', 'https://www.meqery.info', 'Dinner', 'Aut quia anim quo no', '2021-12-08 01:34:37', '2021-12-08 01:45:44'),
(21, 8, 'Mr', 'Damian', 'Walls', 'Levy and Valenzuela Trading', 'mebyw@mailinator.com', '9578596969', '7894561235', 'https://www.viwyzid.me', 'Dollar', 'Quaerat a iusto cupi', '2021-12-15 02:54:23', '2021-12-15 02:54:23');

-- --------------------------------------------------------

--
-- Table structure for table `experience`
--

CREATE TABLE `experience` (
  `id` int(11) NOT NULL,
  `name` varchar(255) NOT NULL,
  `dt_created` datetime NOT NULL,
  `dt_updated` datetime NOT NULL
) ENGINE=InnoDB DEFAULT CHARSET=latin1;

--
-- Dumping data for table `experience`
--

INSERT INTO `experience` (`id`, `name`, `dt_created`, `dt_updated`) VALUES
(1, 'Junior', '2023-01-06 14:39:40', '2023-01-06 14:39:40'),
(2, 'Confirmed', '2023-01-06 14:39:40', '2023-01-06 14:39:40'),
(3, 'Senior', '2023-01-06 14:39:40', '2023-01-06 14:39:40');

-- --------------------------------------------------------

--
-- Table structure for table `payable`
--

CREATE TABLE `payable` (
  `id` int(11) NOT NULL,
  `experience_id` int(11) NOT NULL,
  `tech_id` int(11) NOT NULL,
  `type` varchar(225) NOT NULL,
  `min` decimal(10,2) NOT NULL,
  `max` decimal(10,2) NOT NULL,
  `dt_created` datetime NOT NULL,
  `dt_updated` datetime NOT NULL
) ENGINE=InnoDB DEFAULT CHARSET=latin1;

--
-- Dumping data for table `payable`
--

INSERT INTO `payable` (`id`, `experience_id`, `tech_id`, `type`, `min`, `max`, `dt_created`, `dt_updated`) VALUES
(6, 1, 1, 'monthly', '2737.00', '3059.00', '2023-01-06 04:37:59', '2023-01-06 04:37:59'),
(7, 1, 1, 'yearly', '32844.00', '36708.00', '2023-01-06 04:37:59', '2023-01-06 04:37:59'),
(8, 2, 1, 'monthly', '3220.00', '3622.50', '2023-01-06 04:37:59', '2023-01-06 04:37:59'),
(9, 2, 1, 'yearly', '38640.00', '43470.00', '2023-01-06 04:37:59', '2023-01-06 04:37:59'),
(10, 3, 1, 'monthly', '3622.50', '4025.00', '2023-01-06 04:37:59', '2023-01-06 04:37:59'),
(11, 3, 1, 'yearly', '43470.00', '48300.00', '2023-01-06 04:37:59', '2023-01-06 04:37:59'),
(12, 1, 2, 'monthly', '2737.00', '3059.00', '2023-01-06 04:48:22', '2023-01-06 04:48:22'),
(13, 2, 2, 'monthly', '3220.00', '3622.50', '2023-01-06 04:48:22', '2023-01-06 04:48:22'),
(14, 3, 2, 'monthly', '3622.50', '4025.00', '2023-01-06 04:48:22', '2023-01-06 04:48:22'),
(15, 1, 2, 'yearly', '32844.00', '36708.00', '2023-01-06 04:48:22', '2023-01-06 04:48:22'),
(16, 2, 2, 'yearly', '38640.00', '43470.00', '2023-01-06 04:48:22', '2023-01-06 04:48:22'),
(17, 3, 2, 'yearly', '43470.00', '48300.00', '2023-01-06 04:48:22', '2023-01-06 04:48:22'),
(18, 1, 13, 'monthly', '2737.00', '3059.00', '2023-01-09 10:45:50', '2023-01-09 10:45:50'),
(19, 2, 13, 'monthly', '3059.00', '3381.00', '2023-01-09 10:45:50', '2023-01-09 10:45:50'),
(20, 3, 13, 'monthly', '3381.00', '4025.00', '2023-01-09 10:45:50', '2023-01-09 10:45:50'),
(21, 1, 13, 'yearly', '32844.00', '36708.00', '2023-01-09 10:45:50', '2023-01-09 10:45:50'),
(22, 2, 13, 'yearly', '36708.00', '40572.00', '2023-01-09 10:45:50', '2023-01-09 10:45:50'),
(23, 3, 13, 'yearly', '40572.00', '48300.00', '2023-01-09 10:45:50', '2023-01-09 10:45:50'),
(24, 1, 14, 'monthly', '2817.50', '3059.00', '2023-01-09 10:47:58', '2023-01-09 10:47:58'),
(25, 2, 14, 'monthly', '3139.50', '3622.50', '2023-01-09 10:47:58', '2023-01-09 10:47:58'),
(26, 3, 14, 'monthly', '3622.50', '4025.00', '2023-01-09 10:47:58', '2023-01-09 10:47:58'),
(27, 1, 14, 'yearly', '33810.00', '36708.00', '2023-01-09 10:47:58', '2023-01-09 10:47:58'),
(28, 2, 14, 'yearly', '37674.00', '43470.00', '2023-01-09 10:47:58', '2023-01-09 10:47:58'),
(29, 3, 14, 'yearly', '43470.00', '48300.00', '2023-01-09 10:47:58', '2023-01-09 10:47:58'),
(30, 1, 15, 'monthly', '2576.00', '3059.00', '2023-01-09 10:49:53', '2023-01-09 10:49:53'),
(31, 2, 15, 'monthly', '2978.50', '3542.00', '2023-01-09 10:49:53', '2023-01-09 10:49:53'),
(32, 3, 15, 'monthly', '3220.00', '4025.00', '2023-01-09 10:49:53', '2023-01-09 10:49:53'),
(33, 1, 15, 'yearly', '30912.00', '36708.00', '2023-01-09 10:49:53', '2023-01-09 10:49:53'),
(34, 2, 15, 'yearly', '35742.00', '42504.00', '2023-01-09 10:49:53', '2023-01-09 10:49:53'),
(35, 3, 15, 'yearly', '38640.00', '48300.00', '2023-01-09 10:49:53', '2023-01-09 10:49:53'),
(36, 1, 16, 'monthly', '2737.00', '3542.00', '2023-01-09 10:52:11', '2023-01-09 10:52:11'),
(37, 2, 16, 'monthly', '3542.00', '3864.00', '2023-01-09 10:52:11', '2023-01-09 10:52:11'),
(38, 3, 16, 'monthly', '3864.00', '4025.00', '2023-01-09 10:52:11', '2023-01-09 10:52:11'),
(39, 1, 16, 'yearly', '32844.00', '42504.00', '2023-01-09 10:52:11', '2023-01-09 10:52:11'),
(40, 2, 16, 'yearly', '42504.00', '46368.00', '2023-01-09 10:52:11', '2023-01-09 10:52:11'),
(41, 3, 16, 'yearly', '46368.00', '48300.00', '2023-01-09 10:52:11', '2023-01-09 10:52:11'),
(42, 1, 17, 'monthly', '2737.00', '3139.50', '2023-01-09 10:53:55', '2023-01-09 10:53:55'),
(43, 2, 17, 'monthly', '3139.50', '3622.50', '2023-01-09 10:53:55', '2023-01-09 10:53:55'),
(44, 3, 17, 'monthly', '3381.00', '3703.00', '2023-01-09 10:53:55', '2023-01-09 10:53:55'),
(45, 1, 17, 'yearly', '32844.00', '37674.00', '2023-01-09 10:53:55', '2023-01-09 10:53:55'),
(46, 2, 17, 'yearly', '37674.00', '43470.00', '2023-01-09 10:53:55', '2023-01-09 10:53:55'),
(47, 3, 17, 'yearly', '40572.00', '44436.00', '2023-01-09 10:53:55', '2023-01-09 10:53:55'),
(48, 1, 18, 'monthly', '2817.50', '3059.00', '2023-01-09 10:55:37', '2023-01-09 10:55:37'),
(49, 2, 18, 'monthly', '3139.50', '3622.50', '2023-01-09 10:55:37', '2023-01-09 10:55:37'),
(50, 3, 18, 'monthly', '3622.50', '4025.00', '2023-01-09 10:55:37', '2023-01-09 10:55:37'),
(51, 1, 18, 'yearly', '33810.00', '36708.00', '2023-01-09 10:55:37', '2023-01-09 10:55:37'),
(52, 2, 18, 'yearly', '37674.00', '43470.00', '2023-01-09 10:55:37', '2023-01-09 10:55:37'),
(53, 3, 18, 'yearly', '43470.00', '48300.00', '2023-01-09 10:55:37', '2023-01-09 10:55:37'),
(54, 1, 19, 'monthly', '2576.00', '3059.00', '2023-01-09 10:57:20', '2023-01-09 10:57:20'),
(55, 2, 19, 'monthly', '2978.50', '3542.00', '2023-01-09 10:57:20', '2023-01-09 10:57:20'),
(56, 3, 19, 'monthly', '3220.00', '4025.00', '2023-01-09 10:57:20', '2023-01-09 10:57:20'),
(57, 1, 19, 'yearly', '30912.00', '36708.00', '2023-01-09 10:57:20', '2023-01-09 10:57:20'),
(58, 2, 19, 'yearly', '35742.00', '42504.00', '2023-01-09 10:57:20', '2023-01-09 10:57:20'),
(59, 3, 19, 'yearly', '38640.00', '48300.00', '2023-01-09 10:57:20', '2023-01-09 10:57:20'),
(60, 1, 3, 'monthly', '2737.00', '3059.00', '2023-01-09 06:37:24', '2023-01-09 06:37:24'),
(61, 2, 3, 'monthly', '3220.00', '3622.50', '2023-01-09 06:37:24', '2023-01-09 06:37:24'),
(62, 3, 3, 'monthly', '3622.50', '4025.00', '2023-01-09 06:37:24', '2023-01-09 06:37:24'),
(63, 1, 3, 'yearly', '32844.00', '36708.00', '2023-01-09 06:37:24', '2023-01-09 06:37:24'),
(64, 2, 3, 'yearly', '38640.00', '43470.00', '2023-01-09 06:37:24', '2023-01-09 06:37:24'),
(65, 3, 3, 'yearly', '43470.00', '48300.00', '2023-01-09 06:37:24', '2023-01-09 06:37:24'),
(66, 1, 20, 'monthly', '2254.00', '2576.00', '2023-01-10 04:38:36', '2023-01-10 04:38:36'),
(67, 2, 20, 'monthly', '2576.00', '3059.00', '2023-01-10 04:38:36', '2023-01-10 04:38:36'),
(68, 3, 20, 'monthly', '3059.00', '3381.00', '2023-01-10 04:38:36', '2023-01-10 04:38:36'),
(69, 1, 20, 'yearly', '27048.00', '30912.00', '2023-01-10 04:38:36', '2023-01-10 04:38:36'),
(70, 2, 20, 'yearly', '30912.00', '36708.00', '2023-01-10 04:38:36', '2023-01-10 04:38:36'),
(71, 3, 20, 'yearly', '36708.00', '40572.00', '2023-01-10 04:38:36', '2023-01-10 04:38:36'),
(72, 1, 21, 'monthly', '2254.00', '2576.00', '2023-01-10 04:40:50', '2023-01-10 04:40:50'),
(73, 2, 21, 'monthly', '2576.00', '3059.00', '2023-01-10 04:40:50', '2023-01-10 04:40:50'),
(74, 3, 21, 'monthly', '3059.00', '3381.00', '2023-01-10 04:40:50', '2023-01-10 04:40:50'),
(75, 1, 21, 'yearly', '27048.00', '30912.00', '2023-01-10 04:40:50', '2023-01-10 04:40:50'),
(76, 2, 21, 'yearly', '30912.00', '36708.00', '2023-01-10 04:40:50', '2023-01-10 04:40:50'),
(77, 3, 21, 'yearly', '36708.00', '40572.00', '2023-01-10 04:40:50', '2023-01-10 04:40:50'),
(78, 1, 22, 'monthly', '2013.00', '3059.00', '2023-01-10 05:02:01', '2023-01-10 05:02:01'),
(79, 2, 22, 'monthly', '2737.00', '3542.00', '2023-01-10 05:02:01', '2023-01-10 05:02:01'),
(80, 3, 22, 'monthly', '3542.00', '4428.00', '2023-01-10 05:02:01', '2023-01-10 05:02:01'),
(81, 1, 22, 'yearly', '24150.00', '36708.00', '2023-01-10 05:02:01', '2023-01-10 05:02:01'),
(82, 2, 22, 'yearly', '32844.00', '42504.00', '2023-01-10 05:02:01', '2023-01-10 05:02:01'),
(83, 3, 22, 'yearly', '42504.00', '53130.00', '2023-01-10 05:02:01', '2023-01-10 05:02:01'),
(84, 1, 24, 'monthly', '2737.00', '3139.50', '2023-01-10 05:17:06', '2023-01-10 05:17:06'),
(85, 2, 24, 'monthly', '3139.50', '3622.50', '2023-01-10 05:17:06', '2023-01-10 05:17:06'),
(86, 3, 24, 'monthly', '3381.00', '3703.00', '2023-01-10 05:17:06', '2023-01-10 05:17:06'),
(87, 1, 24, 'yearly', '32844.00', '37674.00', '2023-01-10 05:17:06', '2023-01-10 05:17:06'),
(88, 2, 24, 'yearly', '37674.00', '43470.00', '2023-01-10 05:17:06', '2023-01-10 05:17:06'),
(89, 3, 24, 'yearly', '40572.00', '44436.00', '2023-01-10 05:17:06', '2023-01-10 05:17:06'),
(90, 1, 25, 'monthly', '2576.00', '3059.00', '2023-01-10 05:30:37', '2023-01-10 05:30:37'),
(91, 2, 25, 'monthly', '2978.50', '3542.00', '2023-01-10 05:30:37', '2023-01-10 05:30:37'),
(92, 3, 25, 'monthly', '3220.00', '4025.00', '2023-01-10 05:30:37', '2023-01-10 05:30:37'),
(93, 1, 25, 'yearly', '30912.00', '36708.00', '2023-01-10 05:30:37', '2023-01-10 05:30:37'),
(94, 2, 25, 'yearly', '35742.00', '42504.00', '2023-01-10 05:30:37', '2023-01-10 05:30:37'),
(95, 3, 25, 'yearly', '38640.00', '48300.00', '2023-01-10 05:30:37', '2023-01-10 05:30:37'),
(96, 1, 26, 'monthly', '2737.00', '3139.50', '2023-01-10 05:33:04', '2023-01-10 05:33:04'),
(97, 2, 26, 'monthly', '3139.50', '3622.50', '2023-01-10 05:33:04', '2023-01-10 05:33:04'),
(98, 3, 26, 'monthly', '3381.00', '3703.00', '2023-01-10 05:33:04', '2023-01-10 05:33:04'),
(99, 1, 26, 'yearly', '32844.00', '37674.00', '2023-01-10 05:33:04', '2023-01-10 05:33:04'),
(100, 2, 26, 'yearly', '37674.00', '43470.00', '2023-01-10 05:33:04', '2023-01-10 05:33:04'),
(101, 3, 26, 'yearly', '40572.00', '44436.00', '2023-01-10 05:33:04', '2023-01-10 05:33:04'),
(102, 1, 27, 'monthly', '2817.50', '3059.00', '2023-01-10 05:35:23', '2023-01-10 05:35:23'),
(103, 2, 27, 'monthly', '3139.50', '3622.50', '2023-01-10 05:35:23', '2023-01-10 05:35:23'),
(104, 3, 27, 'monthly', '3622.50', '4025.00', '2023-01-10 05:35:23', '2023-01-10 05:35:23'),
(105, 1, 27, 'yearly', '33810.00', '36708.00', '2023-01-10 05:35:23', '2023-01-10 05:35:23'),
(106, 2, 27, 'yearly', '37674.00', '43470.00', '2023-01-10 05:35:23', '2023-01-10 05:35:23'),
(107, 3, 27, 'yearly', '43470.00', '48300.00', '2023-01-10 05:35:23', '2023-01-10 05:35:23'),
(108, 1, 28, 'monthly', '3059.00', '3381.00', '2023-01-10 05:45:22', '2023-01-10 05:45:22'),
(109, 2, 28, 'monthly', '3381.00', '3783.50', '2023-01-10 05:45:22', '2023-01-10 05:45:22'),
(110, 3, 28, 'monthly', '3783.50', '4427.50', '2023-01-10 05:45:22', '2023-01-10 05:45:22'),
(111, 1, 28, 'yearly', '36708.00', '40572.00', '2023-01-10 05:45:22', '2023-01-10 05:45:22'),
(112, 2, 28, 'yearly', '40572.00', '45402.00', '2023-01-10 05:45:22', '2023-01-10 05:45:22'),
(113, 3, 28, 'yearly', '45402.00', '53130.00', '2023-01-10 05:45:22', '2023-01-10 05:45:22'),
(114, 1, 29, 'monthly', '3059.00', '3381.00', '2023-01-10 05:47:46', '2023-01-10 05:47:46'),
(115, 2, 29, 'monthly', '3381.00', '3783.50', '2023-01-10 05:47:46', '2023-01-10 05:47:46'),
(116, 3, 29, 'monthly', '3783.50', '4427.50', '2023-01-10 05:47:46', '2023-01-10 05:47:46'),
(117, 1, 29, 'yearly', '36708.00', '40572.00', '2023-01-10 05:47:46', '2023-01-10 05:47:46'),
(118, 2, 29, 'yearly', '40572.00', '45402.00', '2023-01-10 05:47:46', '2023-01-10 05:47:46'),
(119, 3, 29, 'yearly', '45402.00', '53130.00', '2023-01-10 05:47:46', '2023-01-10 05:47:46'),
(120, 1, 30, 'monthly', '3059.00', '3381.00', '2023-01-10 05:50:14', '2023-01-10 05:50:14'),
(121, 2, 30, 'monthly', '3381.00', '3783.50', '2023-01-10 05:50:14', '2023-01-10 05:50:14'),
(122, 3, 30, 'monthly', '3783.50', '4427.50', '2023-01-10 05:50:14', '2023-01-10 05:50:14'),
(123, 1, 30, 'yearly', '36708.00', '40572.00', '2023-01-10 05:50:14', '2023-01-10 05:50:14'),
(124, 2, 30, 'yearly', '40572.00', '45402.00', '2023-01-10 05:50:14', '2023-01-10 05:50:14'),
(125, 3, 30, 'yearly', '45402.00', '53130.00', '2023-01-10 05:50:14', '2023-01-10 05:50:14'),
(126, 1, 31, 'monthly', '3059.00', '3381.00', '2023-01-10 05:52:38', '2023-01-10 05:52:38'),
(127, 2, 31, 'monthly', '3381.00', '3783.50', '2023-01-10 05:52:38', '2023-01-10 05:52:38'),
(128, 3, 31, 'monthly', '3783.50', '4427.50', '2023-01-10 05:52:38', '2023-01-10 05:52:38'),
(129, 1, 31, 'yearly', '36708.00', '40572.00', '2023-01-10 05:52:38', '2023-01-10 05:52:38'),
(130, 2, 31, 'yearly', '40572.00', '45402.00', '2023-01-10 05:52:38', '2023-01-10 05:52:38'),
(131, 3, 31, 'yearly', '45402.00', '53130.00', '2023-01-10 05:52:38', '2023-01-10 05:52:38'),
(132, 1, 32, 'monthly', '3059.00', '3381.00', '2023-01-10 05:54:44', '2023-01-10 05:54:44'),
(133, 2, 32, 'monthly', '3381.00', '3783.50', '2023-01-10 05:54:44', '2023-01-10 05:54:44'),
(134, 3, 32, 'monthly', '3783.50', '4427.50', '2023-01-10 05:54:44', '2023-01-10 05:54:44'),
(135, 1, 32, 'yearly', '36708.00', '40572.00', '2023-01-10 05:54:44', '2023-01-10 05:54:44'),
(136, 2, 32, 'yearly', '40572.00', '45402.00', '2023-01-10 05:54:44', '2023-01-10 05:54:44'),
(137, 3, 32, 'yearly', '45402.00', '53130.00', '2023-01-10 05:54:44', '2023-01-10 05:54:44'),
(138, 1, 33, 'monthly', '3059.00', '3381.00', '2023-01-10 05:56:55', '2023-01-10 05:56:55'),
(139, 2, 33, 'monthly', '3381.00', '3783.50', '2023-01-10 05:56:55', '2023-01-10 05:56:55'),
(140, 3, 33, 'monthly', '3783.50', '4427.50', '2023-01-10 05:56:55', '2023-01-10 05:56:55'),
(141, 1, 33, 'yearly', '36708.00', '40572.00', '2023-01-10 05:56:55', '2023-01-10 05:56:55'),
(142, 2, 33, 'yearly', '40572.00', '45402.00', '2023-01-10 05:56:55', '2023-01-10 05:56:55'),
(143, 3, 33, 'yearly', '45402.00', '53130.00', '2023-01-10 05:56:55', '2023-01-10 05:56:55'),
(144, 1, 34, 'monthly', '3059.00', '3381.00', '2023-01-10 06:00:19', '2023-01-10 06:00:19'),
(145, 2, 34, 'monthly', '3381.00', '3783.50', '2023-01-10 06:00:19', '2023-01-10 06:00:19'),
(146, 3, 34, 'monthly', '3783.50', '4427.50', '2023-01-10 06:00:19', '2023-01-10 06:00:19'),
(147, 1, 34, 'yearly', '36708.00', '40572.00', '2023-01-10 06:00:19', '2023-01-10 06:00:19'),
(148, 2, 34, 'yearly', '40572.00', '45402.00', '2023-01-10 06:00:19', '2023-01-10 06:00:19'),
(149, 3, 34, 'yearly', '45402.00', '53130.00', '2023-01-10 06:00:19', '2023-01-10 06:00:19'),
(150, 1, 35, 'monthly', '3059.00', '3381.00', '2023-01-10 06:02:46', '2023-01-10 06:02:46'),
(151, 2, 35, 'monthly', '3381.00', '3783.50', '2023-01-10 06:02:46', '2023-01-10 06:02:46'),
(152, 3, 35, 'monthly', '3783.50', '4427.50', '2023-01-10 06:02:46', '2023-01-10 06:02:46'),
(153, 1, 35, 'yearly', '36708.00', '40572.00', '2023-01-10 06:02:46', '2023-01-10 06:02:46'),
(154, 2, 35, 'yearly', '40572.00', '45402.00', '2023-01-10 06:02:46', '2023-01-10 06:02:46'),
(155, 3, 35, 'yearly', '45402.00', '53130.00', '2023-01-10 06:02:46', '2023-01-10 06:02:46'),
(156, 1, 36, 'monthly', '3059.00', '3381.00', '2023-01-10 06:07:16', '2023-01-10 06:07:16'),
(157, 2, 36, 'monthly', '3381.00', '3783.50', '2023-01-10 06:07:16', '2023-01-10 06:07:16'),
(158, 3, 36, 'monthly', '3783.50', '4427.50', '2023-01-10 06:07:16', '2023-01-10 06:07:16'),
(159, 1, 36, 'yearly', '36708.00', '40572.00', '2023-01-10 06:07:16', '2023-01-10 06:07:16'),
(160, 2, 36, 'yearly', '40572.00', '45402.00', '2023-01-10 06:07:16', '2023-01-10 06:07:16'),
(161, 3, 36, 'yearly', '45402.00', '53130.00', '2023-01-10 06:07:16', '2023-01-10 06:07:16'),
(162, 1, 37, 'monthly', '3059.00', '3381.00', '2023-01-10 06:09:14', '2023-01-10 06:09:14'),
(163, 2, 37, 'monthly', '3381.00', '3783.50', '2023-01-10 06:09:14', '2023-01-10 06:09:14'),
(164, 3, 37, 'monthly', '3783.50', '4427.50', '2023-01-10 06:09:14', '2023-01-10 06:09:14'),
(165, 1, 37, 'yearly', '36708.00', '40572.00', '2023-01-10 06:09:14', '2023-01-10 06:09:14'),
(166, 2, 37, 'yearly', '40572.00', '45402.00', '2023-01-10 06:09:14', '2023-01-10 06:09:14'),
(167, 3, 37, 'yearly', '45402.00', '53130.00', '2023-01-10 06:09:14', '2023-01-10 06:09:14'),
(168, 1, 38, 'monthly', '3059.00', '3381.00', '2023-01-10 06:11:11', '2023-01-10 06:11:11'),
(169, 2, 38, 'monthly', '3381.00', '3783.50', '2023-01-10 06:11:11', '2023-01-10 06:11:11'),
(170, 3, 38, 'monthly', '3783.50', '4427.50', '2023-01-10 06:11:11', '2023-01-10 06:11:11'),
(171, 1, 38, 'yearly', '36708.00', '40572.00', '2023-01-10 06:11:11', '2023-01-10 06:11:11'),
(172, 2, 38, 'yearly', '40572.00', '45402.00', '2023-01-10 06:11:11', '2023-01-10 06:11:11'),
(173, 3, 38, 'yearly', '45402.00', '53130.00', '2023-01-10 06:11:11', '2023-01-10 06:11:11'),
(174, 1, 39, 'monthly', '3059.00', '3381.00', '2023-01-10 06:13:21', '2023-01-10 06:13:21'),
(175, 2, 39, 'monthly', '3381.00', '3783.50', '2023-01-10 06:13:21', '2023-01-10 06:13:21'),
(176, 3, 39, 'monthly', '3783.50', '4427.50', '2023-01-10 06:13:21', '2023-01-10 06:13:21'),
(177, 1, 39, 'yearly', '36708.00', '40572.00', '2023-01-10 06:13:21', '2023-01-10 06:13:21'),
(178, 2, 39, 'yearly', '40572.00', '45402.00', '2023-01-10 06:13:21', '2023-01-10 06:13:21'),
(179, 3, 39, 'yearly', '45402.00', '53130.00', '2023-01-10 06:13:21', '2023-01-10 06:13:21'),
(180, 1, 40, 'monthly', '3059.00', '3381.00', '2023-01-10 06:15:12', '2023-01-10 06:15:12'),
(181, 2, 40, 'monthly', '3381.00', '3783.50', '2023-01-10 06:15:12', '2023-01-10 06:15:12'),
(182, 3, 40, 'monthly', '3783.50', '4427.50', '2023-01-10 06:15:12', '2023-01-10 06:15:12'),
(183, 1, 40, 'yearly', '36708.00', '40572.00', '2023-01-10 06:15:12', '2023-01-10 06:15:12'),
(184, 2, 40, 'yearly', '40572.00', '45402.00', '2023-01-10 06:15:12', '2023-01-10 06:15:12'),
(185, 3, 40, 'yearly', '45402.00', '53130.00', '2023-01-10 06:15:12', '2023-01-10 06:15:12'),
(186, 1, 41, 'monthly', '3059.00', '3381.00', '2023-01-10 06:17:09', '2023-01-10 06:17:09'),
(187, 2, 41, 'monthly', '3381.00', '3783.50', '2023-01-10 06:17:09', '2023-01-10 06:17:09'),
(188, 3, 41, 'monthly', '3783.50', '4427.50', '2023-01-10 06:17:09', '2023-01-10 06:17:09'),
(189, 1, 41, 'yearly', '36708.00', '40572.00', '2023-01-10 06:17:09', '2023-01-10 06:17:09'),
(190, 2, 41, 'yearly', '40572.00', '45402.00', '2023-01-10 06:17:09', '2023-01-10 06:17:09'),
(191, 3, 41, 'yearly', '45402.00', '53130.00', '2023-01-10 06:17:09', '2023-01-10 06:17:09'),
(192, 1, 42, 'monthly', '3059.00', '3381.00', '2023-01-10 06:19:05', '2023-01-10 06:19:05'),
(193, 2, 42, 'monthly', '3381.00', '3783.50', '2023-01-10 06:19:05', '2023-01-10 06:19:05'),
(194, 3, 42, 'monthly', '3783.50', '4427.50', '2023-01-10 06:19:05', '2023-01-10 06:19:05'),
(195, 1, 42, 'yearly', '36708.00', '40572.00', '2023-01-10 06:19:05', '2023-01-10 06:19:05'),
(196, 2, 42, 'yearly', '40572.00', '45402.00', '2023-01-10 06:19:05', '2023-01-10 06:19:05'),
(197, 3, 42, 'yearly', '45402.00', '53130.00', '2023-01-10 06:19:05', '2023-01-10 06:19:05'),
(198, 1, 43, 'monthly', '3059.00', '3381.00', '2023-01-10 06:21:04', '2023-01-10 06:21:04'),
(199, 2, 43, 'monthly', '3381.00', '3783.50', '2023-01-10 06:21:04', '2023-01-10 06:21:04'),
(200, 3, 43, 'monthly', '3783.50', '4427.50', '2023-01-10 06:21:04', '2023-01-10 06:21:04'),
(201, 1, 43, 'yearly', '36708.00', '40572.00', '2023-01-10 06:21:04', '2023-01-10 06:21:04'),
(202, 2, 43, 'yearly', '40572.00', '45402.00', '2023-01-10 06:21:04', '2023-01-10 06:21:04'),
(203, 3, 43, 'yearly', '45402.00', '53130.00', '2023-01-10 06:21:04', '2023-01-10 06:21:04'),
(204, 1, 44, 'monthly', '2817.50', '3059.00', '2023-01-10 06:25:33', '2023-01-10 06:25:33'),
(205, 2, 44, 'monthly', '3139.50', '3622.50', '2023-01-10 06:25:33', '2023-01-10 06:25:33'),
(206, 3, 44, 'monthly', '3622.50', '4025.00', '2023-01-10 06:25:33', '2023-01-10 06:25:33'),
(207, 1, 44, 'yearly', '33810.00', '36708.00', '2023-01-10 06:25:33', '2023-01-10 06:25:33'),
(208, 2, 44, 'yearly', '37674.00', '43470.00', '2023-01-10 06:25:33', '2023-01-10 06:25:33'),
(209, 3, 44, 'yearly', '43470.00', '48300.00', '2023-01-10 06:25:33', '2023-01-10 06:25:33'),
(210, 1, 45, 'monthly', '2817.50', '3059.00', '2023-01-10 06:27:20', '2023-01-10 06:27:20'),
(211, 2, 45, 'monthly', '3139.50', '3622.50', '2023-01-10 06:27:20', '2023-01-10 06:27:20'),
(212, 3, 45, 'monthly', '3622.50', '4025.00', '2023-01-10 06:27:20', '2023-01-10 06:27:20'),
(213, 1, 45, 'yearly', '33810.00', '36708.00', '2023-01-10 06:27:20', '2023-01-10 06:27:20'),
(214, 2, 45, 'yearly', '37674.00', '43470.00', '2023-01-10 06:27:20', '2023-01-10 06:27:20'),
(215, 3, 45, 'yearly', '43470.00', '48300.00', '2023-01-10 06:27:20', '2023-01-10 06:27:20'),
(216, 1, 46, 'monthly', '2817.50', '3059.00', '2023-01-10 06:29:31', '2023-01-10 06:29:31'),
(217, 2, 46, 'monthly', '3139.50', '3622.50', '2023-01-10 06:29:31', '2023-01-10 06:29:31'),
(218, 3, 46, 'monthly', '3622.50', '4025.00', '2023-01-10 06:29:31', '2023-01-10 06:29:31'),
(219, 1, 46, 'yearly', '33810.00', '36708.00', '2023-01-10 06:29:31', '2023-01-10 06:29:31'),
(220, 2, 46, 'yearly', '37674.00', '43470.00', '2023-01-10 06:29:31', '2023-01-10 06:29:31'),
(221, 3, 46, 'yearly', '43470.00', '48300.00', '2023-01-10 06:29:31', '2023-01-10 06:29:31'),
(222, 1, 47, 'monthly', '2817.50', '3059.00', '2023-01-10 06:31:33', '2023-01-10 06:31:33'),
(223, 2, 47, 'monthly', '3139.50', '3622.50', '2023-01-10 06:31:33', '2023-01-10 06:31:33'),
(224, 3, 47, 'monthly', '3622.50', '4025.00', '2023-01-10 06:31:33', '2023-01-10 06:31:33'),
(225, 1, 47, 'yearly', '33810.00', '36708.00', '2023-01-10 06:31:33', '2023-01-10 06:31:33'),
(226, 2, 47, 'yearly', '37674.00', '43470.00', '2023-01-10 06:31:33', '2023-01-10 06:31:33'),
(227, 3, 47, 'yearly', '43470.00', '48300.00', '2023-01-10 06:31:33', '2023-01-10 06:31:33'),
(228, 1, 48, 'monthly', '2817.50', '3059.00', '2023-01-10 06:33:21', '2023-01-10 06:33:21'),
(229, 2, 48, 'monthly', '3139.50', '3622.50', '2023-01-10 06:33:21', '2023-01-10 06:33:21'),
(230, 3, 48, 'monthly', '3622.50', '4025.00', '2023-01-10 06:33:21', '2023-01-10 06:33:21'),
(231, 1, 48, 'yearly', '33810.00', '36708.00', '2023-01-10 06:33:21', '2023-01-10 06:33:21'),
(232, 2, 48, 'yearly', '37674.00', '43470.00', '2023-01-10 06:33:21', '2023-01-10 06:33:21'),
(233, 3, 48, 'yearly', '43470.00', '48300.00', '2023-01-10 06:33:21', '2023-01-10 06:33:21'),
(234, 1, 49, 'monthly', '2817.50', '3059.00', '2023-01-10 06:35:19', '2023-01-10 06:35:19'),
(235, 2, 49, 'monthly', '3139.50', '3622.50', '2023-01-10 06:35:19', '2023-01-10 06:35:19'),
(236, 3, 49, 'monthly', '3622.50', '4025.00', '2023-01-10 06:35:19', '2023-01-10 06:35:19'),
(237, 1, 49, 'yearly', '33810.00', '36708.00', '2023-01-10 06:35:19', '2023-01-10 06:35:19'),
(238, 2, 49, 'yearly', '37674.00', '43470.00', '2023-01-10 06:35:19', '2023-01-10 06:35:19'),
(239, 3, 49, 'yearly', '43470.00', '48300.00', '2023-01-10 06:35:19', '2023-01-10 06:35:19'),
(240, 1, 50, 'monthly', '2817.50', '3059.00', '2023-01-10 06:37:46', '2023-01-10 06:37:46'),
(241, 2, 50, 'monthly', '3139.50', '3622.50', '2023-01-10 06:37:46', '2023-01-10 06:37:46'),
(242, 3, 50, 'monthly', '3622.50', '4025.00', '2023-01-10 06:37:46', '2023-01-10 06:37:46'),
(243, 1, 50, 'yearly', '33810.00', '36708.00', '2023-01-10 06:37:46', '2023-01-10 06:37:46'),
(244, 2, 50, 'yearly', '37674.00', '43470.00', '2023-01-10 06:37:46', '2023-01-10 06:37:46'),
(245, 3, 50, 'yearly', '43470.00', '48300.00', '2023-01-10 06:37:46', '2023-01-10 06:37:46'),
(246, 1, 51, 'monthly', '2817.50', '3622.50', '2023-01-10 06:41:47', '2023-01-10 06:41:47'),
(247, 2, 51, 'monthly', '3622.50', '4427.50', '2023-01-10 06:41:47', '2023-01-10 06:41:47'),
(248, 3, 51, 'monthly', '4427.50', '5232.50', '2023-01-10 06:41:47', '2023-01-10 06:41:47'),
(249, 1, 51, 'yearly', '33810.00', '43470.00', '2023-01-10 06:41:47', '2023-01-10 06:41:47'),
(250, 2, 51, 'yearly', '43470.00', '53130.00', '2023-01-10 06:41:47', '2023-01-10 06:41:47'),
(251, 3, 51, 'yearly', '53130.00', '62790.00', '2023-01-10 06:41:47', '2023-01-10 06:41:47'),
(252, 1, 52, 'monthly', '2415.00', '2817.50', '2023-01-10 06:47:41', '2023-01-10 06:47:41'),
(253, 2, 52, 'monthly', '2817.50', '3220.00', '2023-01-10 06:47:41', '2023-01-10 06:47:41'),
(254, 3, 52, 'monthly', '3220.00', '3622.50', '2023-01-10 06:47:41', '2023-01-10 06:47:41'),
(255, 1, 52, 'yearly', '28980.00', '33810.00', '2023-01-10 06:47:41', '2023-01-10 06:47:41'),
(256, 2, 52, 'yearly', '33810.00', '38640.00', '2023-01-10 06:47:41', '2023-01-10 06:47:41'),
(257, 3, 52, 'yearly', '38640.00', '43470.00', '2023-01-10 06:47:41', '2023-01-10 06:47:41'),
(258, 1, 53, 'monthly', '2415.00', '2817.50', '2023-01-10 06:49:55', '2023-01-10 06:49:55'),
(259, 2, 53, 'monthly', '2817.50', '3220.00', '2023-01-10 06:49:55', '2023-01-10 06:49:55'),
(260, 3, 53, 'monthly', '3220.00', '3622.50', '2023-01-10 06:49:55', '2023-01-10 06:49:55'),
(261, 1, 53, 'yearly', '28980.00', '33810.00', '2023-01-10 06:49:55', '2023-01-10 06:49:55'),
(262, 2, 53, 'yearly', '33810.00', '38640.00', '2023-01-10 06:49:55', '2023-01-10 06:49:55'),
(263, 3, 53, 'yearly', '38640.00', '43470.00', '2023-01-10 06:49:55', '2023-01-10 06:49:55'),
(264, 1, 54, 'monthly', '2415.00', '2817.50', '2023-01-10 06:51:43', '2023-01-10 06:51:43'),
(265, 2, 54, 'monthly', '2817.50', '3220.00', '2023-01-10 06:51:43', '2023-01-10 06:51:43'),
(266, 3, 54, 'monthly', '3220.00', '3622.50', '2023-01-10 06:51:43', '2023-01-10 06:51:43'),
(267, 1, 54, 'yearly', '28980.00', '33810.00', '2023-01-10 06:51:43', '2023-01-10 06:51:43'),
(268, 2, 54, 'yearly', '33810.00', '38640.00', '2023-01-10 06:51:43', '2023-01-10 06:51:43'),
(269, 3, 54, 'yearly', '38640.00', '43470.00', '2023-01-10 06:51:43', '2023-01-10 06:51:43'),
(270, 1, 55, 'monthly', '2415.00', '2817.50', '2023-01-10 06:53:56', '2023-01-10 06:53:56'),
(271, 2, 55, 'monthly', '2817.50', '3220.00', '2023-01-10 06:53:56', '2023-01-10 06:53:56'),
(272, 3, 55, 'monthly', '3220.00', '3622.50', '2023-01-10 06:53:56', '2023-01-10 06:53:56'),
(273, 1, 55, 'yearly', '28980.00', '33810.00', '2023-01-10 06:53:56', '2023-01-10 06:53:56'),
(274, 2, 55, 'yearly', '33810.00', '38640.00', '2023-01-10 06:53:56', '2023-01-10 06:53:56'),
(275, 3, 55, 'yearly', '38640.00', '43470.00', '2023-01-10 06:53:56', '2023-01-10 06:53:56');

-- --------------------------------------------------------

--
-- Table structure for table `profession`
--

CREATE TABLE `profession` (
  `id` int(11) NOT NULL,
  `name` varchar(255) NOT NULL,
  `dt_created` datetime NOT NULL,
  `dt_updated` datetime NOT NULL
) ENGINE=InnoDB DEFAULT CHARSET=latin1;

--
-- Dumping data for table `profession`
--

INSERT INTO `profession` (`id`, `name`, `dt_created`, `dt_updated`) VALUES
(1, 'Web development', '2023-01-05 03:16:36', '2023-01-05 03:16:36'),
(2, 'Application Development', '2023-01-05 03:16:36', '2023-01-05 03:16:36'),
(4, 'Infrastructure & Cloud', '2023-01-05 03:16:36', '2023-01-05 03:16:36'),
(5, 'Artificial intelligence', '2023-01-05 03:16:36', '2023-01-05 03:16:36'),
(6, 'Application Test & Acceptance', '2023-01-05 03:16:36', '2023-01-05 03:16:36'),
(8, 'Website development', '2023-01-05 03:26:37', '2023-01-05 03:26:37'),
(13, 'Mobile development', '2023-01-10 05:37:14', '2023-01-10 05:37:14');

-- --------------------------------------------------------

--
-- Table structure for table `stack`
--

CREATE TABLE `stack` (
  `id` int(11) NOT NULL,
  `profession_id` int(11) NOT NULL,
  `name` varchar(255) NOT NULL,
  `dt_created` datetime NOT NULL,
  `dt_updated` datetime NOT NULL
) ENGINE=InnoDB DEFAULT CHARSET=latin1;

--
-- Dumping data for table `stack`
--

INSERT INTO `stack` (`id`, `profession_id`, `name`, `dt_created`, `dt_updated`) VALUES
(1, 1, 'Frontend', '2023-01-05 05:26:32', '2023-01-05 05:26:32'),
(2, 1, 'Backend', '2023-01-05 05:26:32', '2023-01-05 05:26:32'),
(5, 8, 'General', '2023-01-06 11:42:35', '2023-01-06 11:42:35'),
(6, 8, 'E-commerce', '2023-01-06 11:42:35', '2023-01-06 11:42:35'),
(7, 1, 'FullStack', '2023-01-06 03:26:50', '2023-01-06 03:26:50'),
(8, 6, 'Quality assurance', '2023-01-10 04:52:13', '2023-01-10 04:52:13'),
(13, 2, 'Java', '2023-01-10 05:11:46', '2023-01-10 05:11:46'),
(14, 2, 'Microsoft .Net', '2023-01-10 05:11:46', '2023-01-10 05:11:46'),
(15, 2, 'Electron', '2023-01-10 05:11:46', '2023-01-10 05:11:46'),
(16, 2, 'Unity', '2023-01-10 05:11:46', '2023-01-10 05:11:46'),
(17, 13, 'iOS', '2023-01-10 05:38:53', '2023-01-10 05:38:53'),
(18, 13, 'android', '2023-01-10 05:38:53', '2023-01-10 05:38:53'),
(19, 13, 'Cross-Platform Development (Flutter)', '2023-01-10 05:38:53', '2023-01-10 05:38:53'),
(21, 4, 'DevOps', '2023-01-10 06:39:11', '2023-01-10 06:39:11'),
(22, 5, 'Bigdata', '2023-01-10 06:43:26', '2023-01-10 06:43:26'),
(23, 5, 'Data mining', '2023-01-10 06:43:26', '2023-01-10 06:43:26'),
(24, 5, 'data-processing', '2023-01-10 06:43:26', '2023-01-10 06:43:26'),
(25, 5, 'machine-learning', '2023-01-10 06:43:26', '2023-01-10 06:43:26');

-- --------------------------------------------------------

--
-- Table structure for table `tech`
--

CREATE TABLE `tech` (
  `id` int(11) NOT NULL,
  `stack_id` int(11) NOT NULL,
  `name` varchar(225) NOT NULL,
  `dt_created` datetime NOT NULL,
  `dt_updated` datetime NOT NULL
) ENGINE=InnoDB DEFAULT CHARSET=latin1;

--
-- Dumping data for table `tech`
--

INSERT INTO `tech` (`id`, `stack_id`, `name`, `dt_created`, `dt_updated`) VALUES
(1, 1, 'Angular', '2023-01-05 06:41:00', '2023-01-05 06:41:00'),
(2, 1, 'React', '2023-01-05 06:41:00', '2023-01-05 06:41:00'),
(3, 1, 'VueJS', '2023-01-05 06:41:00', '2023-01-05 06:41:00'),
(13, 2, 'NodeJS - Nest', '2023-01-06 03:26:28', '2023-01-06 03:26:28'),
(14, 2, 'PHP - Symfony', '2023-01-06 03:26:28', '2023-01-06 03:26:28'),
(15, 2, '.Net Core', '2023-01-06 03:26:28', '2023-01-06 03:26:28'),
(16, 7, 'NodeJS', '2023-01-06 03:27:25', '2023-01-06 03:27:25'),
(17, 7, 'Java', '2023-01-06 03:27:25', '2023-01-06 03:27:25'),
(18, 7, 'PHP', '2023-01-06 03:27:25', '2023-01-06 03:27:25'),
(19, 7, '.Net', '2023-01-06 03:27:25', '2023-01-06 03:27:25'),
(20, 5, 'Wordpress', '2023-01-10 04:36:15', '2023-01-10 04:36:15'),
(21, 5, 'PHP', '2023-01-10 04:36:15', '2023-01-10 04:36:15'),
(22, 8, 'Quality assurance', '2023-01-10 04:54:05', '2023-01-10 04:54:05'),
(24, 13, 'Java', '2023-01-10 05:12:06', '2023-01-10 05:12:06'),
(25, 14, 'Microsoft .Net', '2023-01-10 05:12:34', '2023-01-10 05:12:34'),
(26, 15, 'Electron', '2023-01-10 05:12:59', '2023-01-10 05:12:59'),
(27, 16, 'Unity', '2023-01-10 05:13:18', '2023-01-10 05:13:18'),
(28, 17, 'Swift', '2023-01-10 05:40:44', '2023-01-10 05:40:44'),
(29, 17, 'Objective', '2023-01-10 05:40:44', '2023-01-10 05:40:44'),
(30, 17, 'RxSwift', '2023-01-10 05:40:44', '2023-01-10 05:40:44'),
(31, 17, 'Moya / RxMoya', '2023-01-10 05:40:44', '2023-01-10 05:40:44'),
(32, 17, 'Alamofire', '2023-01-10 05:40:44', '2023-01-10 05:40:44'),
(33, 17, 'Fastlane', '2023-01-10 05:40:44', '2023-01-10 05:40:44'),
(34, 17, 'Swinject', '2023-01-10 05:40:44', '2023-01-10 05:40:44'),
(35, 17, 'Firebas', '2023-01-10 05:40:44', '2023-01-10 05:40:44'),
(36, 18, 'Kotlin', '2023-01-10 06:04:41', '2023-01-10 06:04:41'),
(37, 18, 'Java', '2023-01-10 06:04:41', '2023-01-10 06:04:41'),
(38, 18, 'RxJava', '2023-01-10 06:04:41', '2023-01-10 06:04:41'),
(39, 18, 'material', '2023-01-10 06:04:41', '2023-01-10 06:04:41'),
(40, 18, 'Dagger', '2023-01-10 06:04:41', '2023-01-10 06:04:41'),
(41, 18, 'timber', '2023-01-10 06:04:41', '2023-01-10 06:04:41'),
(42, 18, 'Room', '2023-01-10 06:04:41', '2023-01-10 06:04:41'),
(43, 18, 'Firebase', '2023-01-10 06:04:41', '2023-01-10 06:04:41'),
(44, 19, 'dart', '2023-01-10 06:23:43', '2023-01-10 06:23:43'),
(45, 19, 'GetX', '2023-01-10 06:23:43', '2023-01-10 06:23:43'),
(46, 19, 'Easy Location', '2023-01-10 06:23:43', '2023-01-10 06:23:43'),
(47, 19, 'Block: Block Architecture', '2023-01-10 06:23:43', '2023-01-10 06:23:43'),
(48, 19, 'cube', '2023-01-10 06:23:43', '2023-01-10 06:23:43'),
(49, 19, 'Dio', '2023-01-10 06:23:43', '2023-01-10 06:23:43'),
(50, 19, 'connectivity', '2023-01-10 06:23:43', '2023-01-10 06:23:43'),
(51, 21, 'DevOps', '2023-01-10 06:39:51', '2023-01-10 06:39:51'),
(52, 22, 'Bigdata', '2023-01-10 06:44:32', '2023-01-10 06:44:32'),
(53, 23, 'Data mining', '2023-01-10 06:44:48', '2023-01-10 06:44:48'),
(54, 24, 'data-processing', '2023-01-10 06:45:01', '2023-01-10 06:45:01'),
(55, 25, 'machine-learning', '2023-01-10 06:45:16', '2023-01-10 06:45:16');

--
-- Indexes for dumped tables
--

--
-- Indexes for table `admin`
--
ALTER TABLE `admin`
  ADD PRIMARY KEY (`id`);

--
-- Indexes for table `contact_number`
--
ALTER TABLE `contact_number`
  ADD PRIMARY KEY (`id`),
  ADD KEY `user_id` (`customer_id`);

--
-- Indexes for table `currency`
--
ALTER TABLE `currency`
  ADD PRIMARY KEY (`id`);

--
-- Indexes for table `customer`
--
ALTER TABLE `customer`
  ADD PRIMARY KEY (`id`),
  ADD KEY `user_id` (`user_id`);

--
-- Indexes for table `experience`
--
ALTER TABLE `experience`
  ADD PRIMARY KEY (`id`);

--
-- Indexes for table `payable`
--
ALTER TABLE `payable`
  ADD PRIMARY KEY (`id`),
  ADD KEY `tech_id` (`tech_id`);

--
-- Indexes for table `profession`
--
ALTER TABLE `profession`
  ADD PRIMARY KEY (`id`);

--
-- Indexes for table `stack`
--
ALTER TABLE `stack`
  ADD PRIMARY KEY (`id`),
  ADD KEY `profession_id` (`profession_id`) USING BTREE;

--
-- Indexes for table `tech`
--
ALTER TABLE `tech`
  ADD PRIMARY KEY (`id`),
  ADD KEY `stack_id` (`stack_id`);

--
-- AUTO_INCREMENT for dumped tables
--

--
-- AUTO_INCREMENT for table `admin`
--
ALTER TABLE `admin`
  MODIFY `id` int(11) NOT NULL AUTO_INCREMENT, AUTO_INCREMENT=9;

--
-- AUTO_INCREMENT for table `contact_number`
--
ALTER TABLE `contact_number`
  MODIFY `id` int(11) NOT NULL AUTO_INCREMENT;

--
-- AUTO_INCREMENT for table `currency`
--
ALTER TABLE `currency`
  MODIFY `id` int(11) NOT NULL AUTO_INCREMENT, AUTO_INCREMENT=5;

--
-- AUTO_INCREMENT for table `customer`
--
ALTER TABLE `customer`
  MODIFY `id` int(11) NOT NULL AUTO_INCREMENT, AUTO_INCREMENT=22;

--
-- AUTO_INCREMENT for table `experience`
--
ALTER TABLE `experience`
  MODIFY `id` int(11) NOT NULL AUTO_INCREMENT, AUTO_INCREMENT=4;

--
-- AUTO_INCREMENT for table `payable`
--
ALTER TABLE `payable`
  MODIFY `id` int(11) NOT NULL AUTO_INCREMENT, AUTO_INCREMENT=276;

--
-- AUTO_INCREMENT for table `profession`
--
ALTER TABLE `profession`
  MODIFY `id` int(11) NOT NULL AUTO_INCREMENT, AUTO_INCREMENT=14;

--
-- AUTO_INCREMENT for table `stack`
--
ALTER TABLE `stack`
  MODIFY `id` int(11) NOT NULL AUTO_INCREMENT, AUTO_INCREMENT=26;

--
-- AUTO_INCREMENT for table `tech`
--
ALTER TABLE `tech`
  MODIFY `id` int(11) NOT NULL AUTO_INCREMENT, AUTO_INCREMENT=56;

--
-- Constraints for dumped tables
--

--
-- Constraints for table `contact_number`
--
ALTER TABLE `contact_number`
  ADD CONSTRAINT `user_id_contact_user_id` FOREIGN KEY (`customer_id`) REFERENCES `customer` (`id`);

--
-- Constraints for table `customer`
--
ALTER TABLE `customer`
  ADD CONSTRAINT `users_id_curency_user_id` FOREIGN KEY (`user_id`) REFERENCES `admin` (`id`);

--
-- Constraints for table `payable`
--
ALTER TABLE `payable`
  ADD CONSTRAINT `payable_tech_id` FOREIGN KEY (`tech_id`) REFERENCES `tech` (`id`) ON DELETE CASCADE;

--
-- Constraints for table `stack`
--
ALTER TABLE `stack`
  ADD CONSTRAINT `stack_profession_id` FOREIGN KEY (`profession_id`) REFERENCES `profession` (`id`) ON DELETE CASCADE;

--
-- Constraints for table `tech`
--
ALTER TABLE `tech`
  ADD CONSTRAINT `tech_stack_id` FOREIGN KEY (`stack_id`) REFERENCES `stack` (`id`) ON DELETE CASCADE;
COMMIT;

/*!40101 SET CHARACTER_SET_CLIENT=@OLD_CHARACTER_SET_CLIENT */;
/*!40101 SET CHARACTER_SET_RESULTS=@OLD_CHARACTER_SET_RESULTS */;
/*!40101 SET COLLATION_CONNECTION=@OLD_COLLATION_CONNECTION */;
